image,rating,name,price,old_price,link,category,quantity
https://http2.mlstatic.com/D_Q_NP_931615-MLC72824230598_112023-AB.webp,1º MÁS VENDIDO,Carpa Funda Lona Cubre Moto Resistente Al Agua,"$9,500","$10,000",https://articulo.mercadolibre.cl/MLC-1407063253-carpa-funda-lona-cubre-moto-resistente-al-agua-_JM?variation=179200940121#reco_item_pos=0&reco_backend=best-seller&reco_backend_type=low_level&reco_client=highlights-rankings&reco_id=66437c10-b072-499a-bb8c-6830fc0add88#trends_tracking_id=20b41738-7415-4e26-b695-6edc91a797f7&component_id=BEST_SELLER,Accesorios para Vehículos > Acc. para Motos y Cuatrimotos, 7 disponibles 
https://http2.mlstatic.com/D_Q_NP_790082-MLC72792477043_112023-AB.webp,2º MÁS VENDIDO,Audifono Casco Moto Auriculares Bluetooth Llamada Mp3 Motos,"$13,790","$13,790",https://articulo.mercadolibre.cl/MLC-1022714339-audifono-casco-moto-auriculares-bluetooth-llamada-mp3-motos-_JM?variation=174808355836#reco_item_pos=1&reco_backend=best-seller&reco_backend_type=low_level&reco_client=highlights-rankings&reco_id=66437c10-b072-499a-bb8c-6830fc0add88#trends_tracking_id=20b41738-7415-4e26-b695-6edc91a797f7&component_id=BEST_SELLER,Accesorios para Vehículos > Acc. para Motos y Cuatrimotos, 30 disponibles 
https://http2.mlstatic.com/D_Q_NP_676092-MLC74031628115_012024-AB.webp,3º MÁS VENDIDO,Antiparras 100% Moto Motocross Atv Mx Downhill Enduro Mtb Mx,"$6,646","$18,990",https://articulo.mercadolibre.cl/MLC-1456599227-antiparras-100-moto-motocross-atv-mx-downhill-enduro-mtb-mx-_JM#reco_item_pos=2&reco_backend=best-seller&reco_backend_type=low_level&reco_client=highlights-rankings&reco_id=66437c10-b072-499a-bb8c-6830fc0add88#trends_tracking_id=20b41738-7415-4e26-b695-6edc91a797f7&component_id=BEST_SELLER,Accesorios para Vehículos > Acc. para Motos y Cuatrimotos, 75 disponibles 
https://http2.mlstatic.com/D_Q_NP_931615-MLC72824230598_112023-AB.webp,1º MÁS VENDIDO,Carpa Funda Lona Cubre Moto Resistente Al Agua,"$9,500","$10,000",https://articulo.mercadolibre.cl/MLC-1407063253-carpa-funda-lona-cubre-moto-resistente-al-agua-_JM?variation=179200940121#reco_item_pos=0&reco_backend=best-seller&reco_backend_type=low_level&reco_client=highlights-rankings&reco_id=f9bda1e9-26b4-4bed-9f56-d5500868cbbf#trends_tracking_id=9923157e-d883-4636-850c-5e60745da812&component_id=BEST_SELLER,Accesorios para Vehículos > Acc. para Motos y Cuatrimotos, 32 disponibles 
https://http2.mlstatic.com/D_Q_NP_790082-MLC72792477043_112023-AB.webp,2º MÁS VENDIDO,Audifono Casco Moto Auriculares Bluetooth Llamada Mp3 Motos,"$13,790","$13,790",https://articulo.mercadolibre.cl/MLC-1022714339-audifono-casco-moto-auriculares-bluetooth-llamada-mp3-motos-_JM?variation=174808355836#reco_item_pos=1&reco_backend=best-seller&reco_backend_type=low_level&reco_client=highlights-rankings&reco_id=f9bda1e9-26b4-4bed-9f56-d5500868cbbf#trends_tracking_id=9923157e-d883-4636-850c-5e60745da812&component_id=BEST_SELLER,Accesorios para Vehículos > Acc. para Motos y Cuatrimotos, 27 disponibles 
https://http2.mlstatic.com/D_Q_NP_689083-MLC47512734135_092021-AB.webp,3º MÁS VENDIDO,Carpa Funda Lona Cubre Moto Bicicleta Con Diseño,"$2,100","$2,100",https://articulo.mercadolibre.cl/MLC-524587589-carpa-funda-lona-cubre-moto-bicicleta-con-diseno-_JM?variation=54650550744#reco_item_pos=2&reco_backend=best-seller&reco_backend_type=low_level&reco_client=highlights-rankings&reco_id=f9bda1e9-26b4-4bed-9f56-d5500868cbbf#trends_tracking_id=9923157e-d883-4636-850c-5e60745da812&component_id=BEST_SELLER,Accesorios para Vehículos > Acc. para Motos y Cuatrimotos, 1912 disponibles 
https://http2.mlstatic.com/D_Q_NP_996774-MLC73224703060_122023-AB.webp,4º MÁS VENDIDO,Funda Cubre Bicicleta Moto Carpa 100% Impermeable 110x200cm,"$14,990","$14,990",https://articulo.mercadolibre.cl/MLC-1030233301-funda-cubre-bicicleta-moto-carpa-100-impermeable-110x200cm-_JM?variation=174894220208#reco_item_pos=3&reco_backend=best-seller&reco_backend_type=low_level&reco_client=highlights-rankings&reco_id=f9bda1e9-26b4-4bed-9f56-d5500868cbbf#trends_tracking_id=9923157e-d883-4636-850c-5e60745da812&component_id=BEST_SELLER,Accesorios para Vehículos > Acc. para Motos y Cuatrimotos, 84 disponibles 
https://http2.mlstatic.com/D_Q_NP_700051-CBT72213795627_102023-AB.webp,5º MÁS VENDIDO,Funda Para Moto Bicicleta Impermeable Y Anti-uv 245 X 125cm,"$17,806","$20,948",https://articulo.mercadolibre.cl/MLC-1460640176-funda-para-moto-bicicleta-impermeable-y-anti-uv-245-x-125cm-_JM?variation=177411459197#reco_item_pos=4&reco_backend=best-seller&reco_backend_type=low_level&reco_client=highlights-rankings&reco_id=f9bda1e9-26b4-4bed-9f56-d5500868cbbf#trends_tracking_id=9923157e-d883-4636-850c-5e60745da812&component_id=BEST_SELLER,Accesorios para Vehículos > Acc. para Motos y Cuatrimotos, 176 disponibles 
https://http2.mlstatic.com/D_Q_NP_921043-MLC73928738544_012024-AB.webp,6º MÁS VENDIDO,Antiparras 100% Moto Motocross Atv Mx Downhill Enduro Mtb Mx,"$6,836","$18,990",https://articulo.mercadolibre.cl/MLC-1456599227-antiparras-100-moto-motocross-atv-mx-downhill-enduro-mtb-mx-_JM#reco_item_pos=5&reco_backend=best-seller&reco_backend_type=low_level&reco_client=highlights-rankings&reco_id=f9bda1e9-26b4-4bed-9f56-d5500868cbbf#trends_tracking_id=9923157e-d883-4636-850c-5e60745da812&component_id=BEST_SELLER,Accesorios para Vehículos > Acc. para Motos y Cuatrimotos, 96 disponibles 
https://http2.mlstatic.com/D_Q_NP_931615-MLC72824230598_112023-AB.webp,1º MÁS VENDIDO,Carpa Funda Lona Cubre Moto Resistente Al Agua,"$9,500","$10,000",https://articulo.mercadolibre.cl/MLC-1407063253-carpa-funda-lona-cubre-moto-resistente-al-agua-_JM?variation=179200940121#reco_item_pos=0&reco_backend=best-seller&reco_backend_type=low_level&reco_client=highlights-rankings&reco_id=47b456b9-34fb-45d0-9f85-4b245364706a#trends_tracking_id=30770fbe-0b06-4df3-b186-1229a7d4c225&component_id=BEST_SELLER,Accesorios para Vehículos > Acc. para Motos y Cuatrimotos, 32   
https://http2.mlstatic.com/D_Q_NP_790082-MLC72792477043_112023-AB.webp,2º MÁS VENDIDO,Audifono Casco Moto Auriculares Bluetooth Llamada Mp3 Motos,"$13,790","$13,790",https://articulo.mercadolibre.cl/MLC-1022714339-audifono-casco-moto-auriculares-bluetooth-llamada-mp3-motos-_JM?variation=174808355836#reco_item_pos=1&reco_backend=best-seller&reco_backend_type=low_level&reco_client=highlights-rankings&reco_id=47b456b9-34fb-45d0-9f85-4b245364706a#trends_tracking_id=30770fbe-0b06-4df3-b186-1229a7d4c225&component_id=BEST_SELLER,Accesorios para Vehículos > Acc. para Motos y Cuatrimotos, 27   
https://http2.mlstatic.com/D_Q_NP_689083-MLC47512734135_092021-AB.webp,3º MÁS VENDIDO,Carpa Funda Lona Cubre Moto Bicicleta Con Diseño,"$2,100","$2,100",https://articulo.mercadolibre.cl/MLC-524587589-carpa-funda-lona-cubre-moto-bicicleta-con-diseno-_JM?variation=54650550744#reco_item_pos=2&reco_backend=best-seller&reco_backend_type=low_level&reco_client=highlights-rankings&reco_id=47b456b9-34fb-45d0-9f85-4b245364706a#trends_tracking_id=30770fbe-0b06-4df3-b186-1229a7d4c225&component_id=BEST_SELLER,Accesorios para Vehículos > Acc. para Motos y Cuatrimotos, 1912   
https://http2.mlstatic.com/D_Q_NP_996774-MLC73224703060_122023-AB.webp,4º MÁS VENDIDO,Funda Cubre Bicicleta Moto Carpa 100% Impermeable 110x200cm,"$14,990","$14,990",https://articulo.mercadolibre.cl/MLC-1030233301-funda-cubre-bicicleta-moto-carpa-100-impermeable-110x200cm-_JM?variation=174894220208#reco_item_pos=3&reco_backend=best-seller&reco_backend_type=low_level&reco_client=highlights-rankings&reco_id=47b456b9-34fb-45d0-9f85-4b245364706a#trends_tracking_id=30770fbe-0b06-4df3-b186-1229a7d4c225&component_id=BEST_SELLER,Accesorios para Vehículos > Acc. para Motos y Cuatrimotos, 84   
https://http2.mlstatic.com/D_Q_NP_700051-CBT72213795627_102023-AB.webp,5º MÁS VENDIDO,Funda Para Moto Bicicleta Impermeable Y Anti-uv 245 X 125cm,"$17,806","$20,948",https://articulo.mercadolibre.cl/MLC-1460640176-funda-para-moto-bicicleta-impermeable-y-anti-uv-245-x-125cm-_JM?variation=177411459197#reco_item_pos=4&reco_backend=best-seller&reco_backend_type=low_level&reco_client=highlights-rankings&reco_id=47b456b9-34fb-45d0-9f85-4b245364706a#trends_tracking_id=30770fbe-0b06-4df3-b186-1229a7d4c225&component_id=BEST_SELLER,Accesorios para Vehículos > Acc. para Motos y Cuatrimotos, 176   
https://http2.mlstatic.com/D_Q_NP_921043-MLC73928738544_012024-AB.webp,6º MÁS VENDIDO,Antiparras 100% Moto Motocross Atv Mx Downhill Enduro Mtb Mx,"$6,836","$18,990",https://articulo.mercadolibre.cl/MLC-1456599227-antiparras-100-moto-motocross-atv-mx-downhill-enduro-mtb-mx-_JM#reco_item_pos=5&reco_backend=best-seller&reco_backend_type=low_level&reco_client=highlights-rankings&reco_id=47b456b9-34fb-45d0-9f85-4b245364706a#trends_tracking_id=30770fbe-0b06-4df3-b186-1229a7d4c225&component_id=BEST_SELLER,Accesorios para Vehículos > Acc. para Motos y Cuatrimotos, 96   
